WKT,name,description
"POLYGON ((106.7796605 -6.3164543, 106.7700475 -6.3579589, 106.7364019 -6.3623946, 106.7000097 -6.3606886, 106.7233556 -6.388667, 106.7291921 -6.4207379, 106.7398351 -6.4384784, 106.7903036 -6.4401842, 106.8019765 -6.4490542, 106.818456 -6.4459838, 106.8431753 -6.4374549, 106.8565649 -6.4545125, 106.8685812 -6.44189, 106.8823141 -6.4524657, 106.9060033 -6.4367726, 106.9128698 -6.4139145, 106.9317525 -6.4006085, 106.9314092 -6.3828667, 106.9125265 -6.3907141, 106.9144147 -6.3650785, 106.9060033 -6.3611546, 106.896047 -6.3707084, 106.8898671 -6.3671258, 106.8879789 -6.3696848, 106.882829 -6.3707084, 106.8845456 -6.3650785, 106.8812841 -6.3667846, 106.8787092 -6.3645667, 106.8787092 -6.360984, 106.8711561 -6.360984, 106.8739026 -6.3563777, 106.871671 -6.352795, 106.862058 -6.3574013, 106.8601697 -6.3539892, 106.8562215 -6.3531362, 106.8551915 -6.3456294, 106.84987 -6.3403405, 106.8539899 -6.3364622, 106.8479818 -6.3360752, 106.8454068 -6.3422172, 106.8359655 -6.342729, 106.8393987 -6.3498946, 106.8354505 -6.3548422, 106.8275541 -6.3567189, 106.8162244 -6.3558659, 106.8109029 -6.3637137, 106.8004316 -6.3652491, 106.7932218 -6.3642255, 106.7932218 -6.3480179, 106.7992299 -6.3430703, 106.798715 -6.336587, 106.8016332 -6.3320262, 106.809358 -6.3144069, 106.8048948 -6.3150894, 106.7796605 -6.3164543))",Kota Administrasi Depok, Jawa Barat,
